Wavelength,H2O_NH3_CO2_CH4_10_1_1_1_72K_b,H2O_CH3OH_CO_NH3_120K_NASA,H2O_CH3OH_CO_NH3_100K_NASA,all
2.85208,0.13650409945129482,0.0903256430541962,0.12537037917413107,0.3522001216796221
2.854382,0.14428013945956294,0.09610640700413617,0.13404469642361294,0.3744312428873121
2.8566830000000003,0.151362603317843,0.10233673231301003,0.14293540304466906,0.3966347386755221
2.858985,0.1598098066157882,0.10908417381829616,0.1516923571801458,0.4205863376142301
2.861286,0.16726310143557774,0.11529600196928905,0.16184476718427812,0.4444038705891449
2.863588,0.17548373109110613,0.12187777327790185,0.17032825286197806,0.4676897572309861
2.8658900000000003,0.1838983338649626,0.12868714005087656,0.17875891908677402,0.4913443930026131
2.868191,0.1927966469149858,0.13544986181702087,0.18719043723822976,0.5154369459702365
2.870493,0.20171085272050224,0.14225842436573988,0.1960530302795144,0.5400223073657565
2.872795,0.21074853301100485,0.14931549220946885,0.20346905185255892,0.5635330770730326
2.875096,0.22011181103584385,0.15568012296904382,0.21199428193658607,0.5877862159414737
2.877398,0.22936017221326996,0.1622731534172364,0.2194639748891944,0.6110973005197008
2.879699,0.2394985276983188,0.16883240644668976,0.2271517610666963,0.6354826952117049
2.882001,0.24940052938372426,0.17536270740293805,0.2344902573137044,0.6592534941003667
2.884303,0.25960367841039955,0.1821616192605887,0.2413550823378967,0.683120380008885
2.886604,0.2694885648206584,0.18858656683934089,0.2484848565532683,0.7065599882132675
2.888906,0.2800552096909232,0.1955205883719484,0.2558727645465414,0.7314485626094129
2.891208,0.2910167284092129,0.20126837912740486,0.2626541007580789,0.7549392082946966
2.893509,0.30067993125566833,0.2083769173234984,0.26932979806380875,0.7783866466429754
2.895811,0.3117209137514244,0.21585700712572314,0.2760353128026293,0.8036132336797768
2.898112,0.3226832474828163,0.22276770615491548,0.2839991232178873,0.8294500768556191
2.900414,0.33340189229664485,0.2296406066440901,0.2907574574096119,0.8537999563503469
2.902716,0.34395671947692746,0.2368794291696063,0.2987067850716543,0.8795429337181879
2.905017,0.3551342166673051,0.24479138739713965,0.30572580882125955,0.9056514128857044
2.907319,0.3654494299955355,0.2516731343531269,0.31326876746660554,0.930391331815268
2.909621,0.37660410681905104,0.2593671478073668,0.3208849918046892,0.9568562464311071
2.911922,0.3877375933019088,0.2673538988906798,0.3290541165449447,0.9841456087375332
2.9142240000000004,0.3989016427760999,0.2753752316169878,0.33739447854380816,1.0116713529368957
2.916525,0.4105599976967865,0.2839579128737713,0.3464564224234721,1.04097433299403
2.918827,0.4221816770278734,0.2926025193982433,0.3551810033458787,1.0699651997719954
2.921129,0.434056010420648,0.30108225995029786,0.3636304119571889,1.0987686823281348
2.92343,0.4478215817171209,0.3098378494220559,0.37245892793208396,1.130118359071261
2.925732,0.4601881830236356,0.3187961034062492,0.38191105422190935,1.160895340651794
2.928034,0.4741053467571213,0.3287684841768747,0.3920379064262494,1.1949117373602454
2.930335,0.4861434977834418,0.33702465038584584,0.3999088568355957,1.2230770050048834
2.932637,0.4971282443751448,0.34957376567172,0.4121868238557816,1.2588888339026465
2.9349380000000003,0.5076195005334543,0.3595413210968113,0.4219422360364746,1.2891030576667402
2.93724,0.5177407407433566,0.3694405174601685,0.43188762786229,1.3190688860658148
2.939542,0.5264483407274606,0.3808379836118867,0.4424157375233681,1.3497020618627154
2.941843,0.5340577105563251,0.3915301450913597,0.4529685530575786,1.3785564087052635
2.944145,0.5432767312620713,0.4021089109507797,0.462999137549368,1.4083847797622189
2.946447,0.5511110447071481,0.4121753859593216,0.4727732921165754,1.4360597227830452
2.948748,0.5594209182973694,0.42174726305061067,0.4835799817953888,1.4647481631433688
2.95105,0.5678746417001324,0.4330980841954985,0.4936412356469288,1.4946139615425598
2.953351,0.5743193578059264,0.44276646819747095,0.5035670331595702,1.5206528591629676
2.955653,0.5821296283644876,0.4495782476432128,0.5103807425841779,1.5420886185918783
2.957955,0.5870135943795329,0.4621056488741832,0.5217744097315526,1.5708936529852686
2.960256,0.591524284393762,0.4701253731519798,0.5307358262653672,1.5923854838111091
2.962558,0.597659703027264,0.4782408001162041,0.5369830044612472,1.6128835076047152
2.96486,0.6012290529084305,0.4899141151876259,0.5481781726969025,1.639321340792959
2.967161,0.6057177375688997,0.4983383642660373,0.5575595890739693,1.6616156909089064
2.969463,0.6087984870952863,0.5081635719978705,0.565971512912251,1.6829335720054075
2.971764,0.6146755465753849,0.5163714847514999,0.5749780815590317,1.7060251128859163
2.974066,0.6191324457248676,0.5245713552625723,0.5841005122315374,1.727804313218977
2.976368,0.6239569157834509,0.5329529804554319,0.5913333695727376,1.7482432658116205
2.978669,0.6281896863298235,0.5413265634057345,0.5989955979504473,1.7685118476860051
2.980971,0.6339754643424736,0.5496390253126042,0.6084085356139246,1.7920230252690024
2.983273,0.6404841589767918,0.5583238430498612,0.6160426504118629,1.8148506524385157
2.985574,0.6433273321838815,0.5667714146316878,0.6246317749953706,1.83473052181094
2.987876,0.650381678090135,0.5745112688685022,0.6327710823025352,1.8576640292611728
2.990177,0.6574327639439796,0.5830046812329035,0.6408473470368791,1.881284792213762
2.992479,0.6615453200577749,0.5916943243156945,0.6486935915730927,1.9019332359465624
2.994781,0.6678298860889831,0.5993441054358709,0.656688923274761,1.9238629147996151
2.997082,0.6746160926846065,0.6073147720340702,0.6646816991964504,1.9466125639151268
2.999384,0.6792514797034751,0.6142624653790246,0.6709672140920186,1.9644811591745184
3.001686,0.6855576435818921,0.6232408249696104,0.6796159735417083,1.9884144420932104
3.003987,0.6920219200021391,0.6318074217412799,0.6884325625433669,2.012261904286786
3.006289,0.6975521914072438,0.6396478040100564,0.6950988886558395,2.0322988840731395
3.0085900000000003,0.7037829665737054,0.6476578775967846,0.7025421718819957,2.0539830160524857
3.010892,0.7104705565839605,0.6545243442919136,0.7093132849736165,2.0743081858494907
3.013194,0.7164519377411431,0.6630700312329352,0.7164660612088011,2.0959880301828795
3.015495,0.7240099617445679,0.6699638415527578,0.7234791214717883,2.117452924769114
3.0177970000000003,0.7301620881466652,0.6768359378176768,0.7293080036777355,2.136306029642077
3.020098,0.7364821072478197,0.6845991145579066,0.7361106380557666,2.1571918598614928
3.0224,0.7429529037728848,0.6921523887673996,0.7413508389398328,2.1764561314801174
3.024702,0.7472908110094435,0.6987212924879214,0.7466685651499355,2.1926806686473004
3.027003,0.7504061985926743,0.7054631044234175,0.7529276703190521,2.208796973335144
3.029305,0.7571100888649738,0.7116122030824662,0.7570995551718032,2.225821847119243
3.031607,0.7629203172706904,0.7179671831509731,0.7626924536930022,2.243579954114665
3.0339080000000003,0.7660247021770412,0.7253813265642306,0.7679982529298687,2.2594042816711406
3.03621,0.7701335907318767,0.7303578662584751,0.7715115984746399,2.2720030554649915
3.038511,0.7743072728283382,0.7367353646061412,0.7755940310281184,2.286636668462598
3.040813,0.7787527617943899,0.7426922536680785,0.7804099724356339,2.3018549878981025
3.043115,0.7813506160577118,0.7479719859067202,0.7837674154016728,2.313090017366105
3.045416,0.786047536565798,0.7531696872712809,0.7871691585540183,2.3263863823910973
3.047718,0.788135192627131,0.7585917672031807,0.7887205170014063,2.3354474768317184
3.05002,0.7908756741833413,0.7638304840047818,0.7925891159632897,2.3472952741514126
3.052321,0.7931312229437313,0.7692967962707449,0.7942179997367144,2.3566460189511904
3.054623,0.7962657633348643,0.7721662684150667,0.7971426639596049,2.3655746957095363
3.056924,0.7959312004564036,0.7777057650882981,0.7973139012182129,2.3709508667629144
3.059226,0.7983799073220195,0.7817494046459357,0.7990935760104116,2.379222887978367
3.061528,0.7999145769934972,0.7867050345095319,0.8013775913851771,2.387997202888206
3.063829,0.7992042930749137,0.7898664400586712,0.8025123576959518,2.391583090829537
3.066131,0.8011102012144521,0.7932506157266385,0.8031172256243678,2.3974780425654583
3.068433,0.7999153920065993,0.7964136297242892,0.80343925390175,2.3997682756326384
3.070734,0.7989805719783546,0.7989935811365607,0.8034631078482225,2.4014372609631383
3.073036,0.7981032103738163,0.8014352059768526,0.8034648117015419,2.403003228052211
3.075337,0.7967612913010133,0.8039508194486684,0.8034648117015419,2.4041769224512235
3.077639,0.7950033080395277,0.8052415993790599,0.8030192540584976,2.403264161477085
3.079941,0.7908394061002926,0.8063530373004311,0.8011850559600754,2.398377499360799
3.082242,0.7895419052415604,0.8071974727689115,0.8012480985328962,2.397987476543368
3.084544,0.785555676158609,0.8096535736458059,0.8002368615877838,2.3954461113921988
3.086846,0.7821574790289084,0.809632663815158,0.7987621765397724,2.390552319383839
3.089147,0.7796900268619413,0.8095972779479073,0.7968981610082593,2.386185465818108
3.0914490000000003,0.7748977498208958,0.8076317538669873,0.7941336589974001,2.376663162685283
3.09375,0.767376808913622,0.8074218513362507,0.7925388522903649,2.3673375125402383
3.096052,0.7660882731990144,0.8052520542943841,0.7893867236493236,2.360727051142722
3.098354,0.7601325649545515,0.8051804783356269,0.7875065215112755,2.3528195648014543
3.100655,0.7556430652809801,0.8028924603281731,0.7841294842320626,2.342665009841216
3.102957,0.7496103382983578,0.7998380166050411,0.781922142256674,2.3313704971600733
3.105259,0.7442455145530035,0.7983727200111637,0.7779785737487332,2.3205968083129003
3.10756,0.7376883266391034,0.7954935971757735,0.7743340314983616,2.3075159553132387
3.109862,0.7319820124039195,0.7916687066156851,0.7713071360763023,2.2949578550959067
3.112163,0.7259236125085772,0.7893083084252186,0.7683850276333909,2.283616948567187
3.114465,0.7189609555763232,0.7853483081901735,0.7649517631946351,2.269261026961132
3.116767,0.7129681642357095,0.7806435962943542,0.7599620287485327,2.2535737892785965
3.119068,0.7059720917662646,0.7778239860538853,0.7552525781734849,2.239048655993635
3.12137,0.7000603942293216,0.7725128890692715,0.7520212203530876,2.2245945036516814
3.123672,0.693147045589752,0.7685400212461353,0.7482148120373654,2.2099018788732527
3.125973,0.6861403779499782,0.7642703946726473,0.7423075525787219,2.1927183252013482
3.128275,0.6791121124629957,0.7593035056694714,0.7390804543916233,2.1774960725240904
3.130576,0.6717150535472594,0.7541974858700599,0.7340413081992558,2.159953847616575
3.132878,0.6647650293180898,0.7492346179881623,0.7291912897253509,2.143190937031603
3.13518,0.6572991017952158,0.7443401091679988,0.7243540501513421,2.125993261114557
3.137481,0.6505556833874587,0.7394568594874151,0.7195321452572087,2.1095446881320825
3.139783,0.6426276434356268,0.7346041703285479,0.7148678467951272,2.0920996605593016
3.142085,0.6365325679506847,0.7280529595416515,0.7093235080935334,2.0739090355858703
3.144386,0.6273278099742272,0.7229783044882122,0.7031547071503496,2.0534608216127888
3.146688,0.6211059999518901,0.7180902294620942,0.6985270415346368,2.0377232709486206
3.148989,0.6127199226366112,0.7123858668164453,0.6941183210704777,2.0192241105235342
3.151291,0.6048008478289038,0.7070273206007455,0.6872628672395427,1.999091035669192
3.153593,0.5964714139242292,0.7005629660334644,0.6828694814552588,1.9799038614129525
3.155894,0.5893510519566959,0.6956411135886071,0.6764195447143605,1.9614117102596635
3.158196,0.5811658753711141,0.6892861335201005,0.6715933801869282,1.9420453890781428
3.160498,0.5726599911298091,0.6826995368659534,0.6655199950296352,1.9208795230253977
3.162799,0.5651912110610774,0.6773056047830032,0.6600310315609247,1.9025278474050051
3.165101,0.5570993534756996,0.670468090161079,0.6547277881040375,1.882295231740816
3.167402,0.5483505953299335,0.6651473424853969,0.6474864114962399,1.8609843493115699
3.1697040000000003,0.5406898796756293,0.6584570009022651,0.6421320524397682,1.8412789330176629
3.172006,0.53243950204187,0.6515302173879589,0.6361413041684704,1.8201110235982991
3.174307,0.5236296179134375,0.645400420111047,0.6292585886844235,1.7982886267089082
3.176609,0.5150654602353238,0.6378881613385944,0.6238837833881181,1.7768374049620363
3.1789110000000003,0.5072853451615447,0.6317044810365509,0.6178018789642278,1.7567917051623234
3.181212,0.4996511174330626,0.6247760890737333,0.611702084080483,1.7361292905872792
3.183514,0.4908636461649412,0.6181637572434039,0.6048670764893816,1.7138944798977267
3.1858150000000003,0.4826560567190482,0.6108292320314601,0.5981658213838598,1.6916511101343683
3.188117,0.4750780648946192,0.6036169489063818,0.5924153164306086,1.6711103302316097
3.190419,0.4664971994479102,0.5973624968698372,0.5843339401363065,1.648193636454054
3.19272,0.4579957977786675,0.5894971836491342,0.577775808709621,1.6252687901374228
3.1950220000000003,0.4500139669620891,0.5818441856319347,0.5718540664977619,1.603712219091786
3.197323,0.4418870638133159,0.5740938764797962,0.565764494733934,1.581745435027046
3.199625,0.4338335118437423,0.5664071010438576,0.5580051467170138,1.5582457596046138
3.201927,0.42557050150689857,0.5589229901203544,0.5504477053184523,1.5349411969457054
3.204228,0.4175927457558313,0.5515000002402839,0.5429371198861764,1.5120298658822915
3.20653,0.40956282916622205,0.5439941752618769,0.5361992319342856,1.4897562363623846
3.208832,0.4010324945318505,0.5351187563760201,0.5290907558854075,1.4652420067932783
3.211133,0.3931863633967917,0.5280496251684557,0.5213484464016823,1.4425844349669297
3.213435,0.38540747084266574,0.5191822485251559,0.5134885710389127,1.4180782904067342
3.215736,0.3770523640252713,0.5111086412222279,0.5063911700366112,1.3945521752841104
3.218038,0.36941854380334027,0.5039044003397066,0.4976640333342254,1.3709869774772725
3.22034,0.3617557906162805,0.4947402649460552,0.4903826161734199,1.3468786717357557
3.222641,0.3535119330873389,0.4872786723017114,0.4824409558513151,1.3232315612403651
3.224943,0.3458752603195502,0.4784555279924749,0.4733841235316096,1.2977149118436346
3.227245,0.3382059870276727,0.4700143902046938,0.4653717532967465,1.273592130529113
3.229546,0.3307698074830297,0.4622504092402085,0.45659094521479704,1.2496111619380348
3.231848,0.3228890382911265,0.4541317653789613,0.44876514691841696,1.225785950588505
3.234149,0.3158803331185973,0.445524957394507,0.4403208498670652,1.2017261403801691
3.236451,0.3082379552590929,0.437411138878794,0.43168827702391055,1.1773373711617974
3.238753,0.3009611107759338,0.4292177021617671,0.42275497406986745,1.1529337870075684
3.241054,0.2939511830837512,0.4199835992578703,0.4137449977164477,1.1276797800580691
3.2433560000000003,0.28687034925167554,0.4122976280461873,0.4058706396004625,1.1050386168983253
3.245658,0.2802161747786113,0.4039843619150619,0.3967064645216296,1.0809070012153028
3.247959,0.27285497643937257,0.3955536790426048,0.3874749872366772,1.0558836427186544
3.250261,0.26637765980948985,0.3880172935424813,0.37834403729757415,1.0327389906495452
3.252562,0.2600694583983175,0.3789609241990931,0.3697523569340871,1.0087827395314977
3.254864,0.2541516482631079,0.3704819878712943,0.3620747938765021,0.9867084300109044
3.257166,0.2473625891216265,0.3632504033640794,0.3532939857945527,0.9639069782802588
3.259467,0.24186695577336614,0.3546958699562453,0.3445557740455902,0.9411185997752016
3.261769,0.23563006800863795,0.3463335461455225,0.3359206454224564,0.9178842595766168
3.264071,0.2301491048962176,0.3387312142564318,0.32752320433739035,0.8964035234900397
3.266372,0.22484010954836528,0.3310018149349413,0.31882588506809545,0.874667809551402
3.2686740000000003,0.21956126968529516,0.32301747652439544,0.3109072267658037,0.8534859729754943
3.270975,0.21425390436364727,0.31500016491936594,0.30275514055874303,0.8320092098417562
3.273277,0.2093442654358821,0.3069820490900808,0.2944505594795887,0.8107768740055517
3.275579,0.20486006334747509,0.30034559053208065,0.28633169841225786,0.7915373522918137
3.27788,0.20034855832014375,0.2927689938191723,0.2788492265597535,0.7719667786990696
3.280182,0.19587046883000345,0.28510795355941604,0.27098849927032426,0.7519669216597438
3.282484,0.19179336578615466,0.2776656622972089,0.26328537841294697,0.7327444064963105
3.284785,0.18762009119624407,0.2709608446774746,0.2559230282194661,0.7145039640931847
3.287087,0.1837426663624388,0.2634743210812042,0.2490164587889466,0.6962334462325896
3.289388,0.18010037280862368,0.25747561235797073,0.2415229118898656,0.67909889705646
3.29169,0.17676004160918055,0.2510611196945426,0.2351547601083024,0.6629759214120255
3.293992,0.17323633246173822,0.24388824355799346,0.22835212573027125,0.6454767017500029
3.296293,0.17017799579566273,0.2381525161663724,0.2218774831162404,0.6302079950782755
3.298595,0.16737598075023502,0.23179351497658726,0.2155945240006512,0.6147640197274734
3.300897,0.16495172427768565,0.2260232059419713,0.209456392417218,0.6004313226368749
3.3031980000000005,0.1624190710625412,0.2202368124222414,0.20353635405867848,0.5861922375434612
3.3055,0.16073973656541968,0.2145855285774684,0.1983634553807317,0.5736887205236197
3.307801,0.15939129738779892,0.2088441716160575,0.19249708840175586,0.5607325574056122
3.310103,0.15837293851657672,0.2044338057978228,0.18745964606270787,0.5502663903771075
3.3124050000000005,0.15753632756714928,0.1988677697241535,0.1827067472280134,0.5391108445193161
3.314706,0.15710151807711562,0.19516592547518666,0.17902642405793268,0.531293867610235
3.317008,0.15684641897612114,0.19082713561570885,0.17494143572447504,0.5226149903163051
3.31931,0.15586473569449882,0.1877445440436276,0.1721556355471223,0.5157649152852487
3.321611,0.1539840929611293,0.18478419455841205,0.16988013943895433,0.5086484269584957
3.323913,0.15133204032650982,0.18258062009780607,0.1681805457527712,0.5020932061770871
3.326214,0.14914943523876828,0.18054914962791904,0.16786618481532686,0.4975647696820142
3.3285160000000005,0.14568685207399235,0.1803730245159217,0.16794967362798144,0.4940095502178955
3.330818,0.1414015131825267,0.17931466539542626,0.17012379046364026,0.4908399690415932
3.3331190000000004,0.1368484424869822,0.1806440480900911,0.17231324197917436,0.4898057325562477
3.335421,0.13288258873158626,0.1818158028306396,0.17457255148080725,0.4892709430430332
3.3377230000000004,0.12892325508100808,0.18381510433029885,0.17679608006273098,0.4895344394740378
3.340024,0.1260148808257408,0.18482923111673105,0.17897104882504952,0.4898151607675214
3.3423260000000004,0.12347244745336973,0.18618676166034526,0.1800453283429828,0.4897045374566977
3.344627,0.1210498210070248,0.186337955820416,0.18016970963530493,0.4875574864627457
3.3469290000000003,0.1185583259535424,0.1851742433224244,0.17903068369123135,0.4827632529671982
3.349231,0.11660799959993318,0.1830213349899273,0.17597482276274076,0.4756041573526012
3.351532,0.1153593995273342,0.17983741116162838,0.17224934747969378,0.4674461581686564
3.3538339999999995,0.11423345892661915,0.17620553442290704,0.1682989635584752,0.4587379569080013
3.356135,0.1131527515530772,0.1720251767418013,0.16453600350239966,0.4497139317972781
3.3584370000000003,0.1122692773502722,0.16898118793399342,0.16202707948946268,0.44327754477372827
3.360739,0.11072645754777227,0.16643742661322822,0.16105162346405935,0.4382155076250599
3.3630400000000003,0.10904223297203744,0.16529462394588476,0.16184987874423656,0.4361867356621588
3.365342,0.10710209428220598,0.1655841446779352,0.16414411723891886,0.43683035619906
3.3676440000000003,0.10607599278651267,0.16749658995797936,0.16730646899987706,0.440879051744369
3.3699449999999995,0.10450913009749732,0.1695722927619297,0.17067583893915236,0.4447572617985794
3.372247,0.10315539333471216,0.17250529862245156,0.17388334281307682,0.4495440347702405
3.3745480000000003,0.10250949545120387,0.1757527561669504,0.17674581638980624,0.4550080680079606
3.37685,0.1017723161002471,0.17783810966196914,0.17768378764218104,0.4572942134043973
3.3791519999999995,0.10098419843040167,0.17925595702476047,0.1782758766707009,0.458516032125863
3.381453,0.09998091730157052,0.1799130082416638,0.17640419379925015,0.4562981193424845
3.3837550000000003,0.09922906771477384,0.17892622507992526,0.17420281531047968,0.4523581081051787
3.386057,0.09881259601954008,0.1781565824672246,0.17107368868925132,0.448042867176016
3.388358,0.09832766322371997,0.1762473540842032,0.16775202664292155,0.4423270439508447
3.39066,0.09778038192558017,0.17333767072709652,0.16418245393860714,0.43530050659128383
3.392961,0.09737613542687973,0.1708912205412705,0.16149462532712466,0.4297619812952749
3.395263,0.09743644639644387,0.16806598073101184,0.1592617255519437,0.4247641526793995
3.397565,0.09732112204247996,0.1661318213960639,0.15847795302498208,0.4219308964635259
3.3998660000000003,0.09711492372761864,0.16326958727004326,0.15835868329261835,0.4187431942902802
3.402168,0.09652077917610123,0.16191768629621892,0.15745478910663327,0.41589325457895343
3.40447,0.09624734228030687,0.15993366505741788,0.15755616837914246,0.4137371757168672
3.406771,0.09582272045405096,0.1578812847568827,0.1570245661434641,0.4107285713543978
3.409073,0.09532067238308428,0.1559189775729854,0.1548606724277222,0.4061003223837919
3.411374,0.09494169129055262,0.1533068571904861,0.15232022712837484,0.4005687756094136
3.413676,0.0945659702504298,0.14925678383880306,0.1489661918689749,0.3927889459582077
3.415978,0.09412260312282286,0.1452734611003427,0.14367317153200468,0.3830692357551703
3.418279,0.09325053910344892,0.14133276224743424,0.13965718925798604,0.3742404906088692
3.420581,0.0932012308107647,0.1374974167720219,0.13559605487100115,0.36629470245378776
3.422883,0.09278679664828653,0.13428614931902932,0.13222924071170508,0.3593021866790209
3.425184,0.09303130057895208,0.13068724577479152,0.12935824786837827,0.3530767942221219
3.427486,0.09256633560413637,0.1287514779913322,0.12736473948458454,0.3486825530800531
3.429787,0.0923666573940928,0.12678434546190073,0.12622997317380966,0.3453809760298032
3.432089,0.09240129545093707,0.1248847677699477,0.12437788461553295,0.3416639478364177
3.434391,0.09198889882121446,0.12295623800478965,0.12235370687198854,0.3372988436979927
3.436692,0.09165515095585593,0.12081378458761655,0.12124960992096435,0.3337185454644368
3.438994,0.09153086145776756,0.11823544162385645,0.11847999635014668,0.3282462994317707
3.441296,0.0915671295408163,0.11470730981411985,0.11681107202371425,0.3230855113786504
3.443597,0.09128921007295973,0.11206784580692686,0.11451598160237225,0.3178730374822588
3.445899,0.09043589135493682,0.10897801621654434,0.11147034379379853,0.31088425136527964
3.4482,0.08989879772057473,0.10642058308343233,0.1096250706487997,0.30594445145280674
3.450502,0.08929731805113736,0.10447436038464897,0.10736576114716684,0.30113743958295314
3.452804,0.08841262132867901,0.1016467079016232,0.10487898722738312,0.29493831645768537
3.455105,0.08790283063324125,0.0998516793629106,0.10331910951339754,0.2910736195095493
3.457407,0.08741749033087004,0.0980075931446006,0.1010333902853127,0.28645847376078337
3.459709,0.08705929207244495,0.09624232090334874,0.09990714324113524,0.2832087562169289
3.46201,0.08645332983094539,0.09442477408547667,0.09804909119624032,0.2789271951126624
3.464312,0.08618967309237767,0.09261848640718434,0.09708045058411492,0.2758886100836769
3.466613,0.08576953383818392,0.09078244243143127,0.09514913284648227,0.27170110911609746
3.468915,0.0854484186759098,0.0897345382262599,0.09428613114016474,0.26946908804233444
3.471217,0.08429354511006598,0.08810839678124338,0.09346998540013296,0.2658719272914423
3.473518,0.08331512188085248,0.0871553910382441,0.09247919469485427,0.2629497076139509
3.47582,0.08255430714993138,0.08611633329988537,0.09252860644111924,0.261199246890936
3.478122,0.08209504726683116,0.08553729183578454,0.09249964093468807,0.26013198003730376
3.4804230000000005,0.08162152465444213,0.08484646320014201,0.09250134478800756,0.2589693326425917
3.482725,0.08075231318092592,0.08405028118700336,0.0924962332280491,0.2572988275959784
3.4850260000000004,0.08001146627100919,0.08374708864260612,0.09245789652836076,0.2562164514419761
3.487328,0.07953631363241571,0.08374467596983905,0.0931232512496184,0.2564042408518732
3.4896300000000005,0.07888634068339634,0.08375834778218587,0.09411744966153604,0.2567621381271183
3.491931,0.07825389051607468,0.08369159716896313,0.09489440677521976,0.2568398944602576
3.4942330000000004,0.07762388538805964,0.08474593516818006,0.09606325015238426,0.258433070708624
3.496535,0.07724653432173242,0.08469768171283834,0.09692284415206284,0.25886706018663364
3.4988360000000003,0.07658759622858864,0.08542791733700994,0.09813087615557543,0.260146389721174
3.501138,0.07584063672040525,0.08691010264025695,0.09933635237910883,0.262087091739771
3.503439,0.07519881390240807,0.08784059010409677,0.10062020585533836,0.2636596098618432
3.5057410000000004,0.07474648163067672,0.0895688680295866,0.10212811604307977,0.2664434657033431
3.508043,0.07420164537184355,0.09130116707635497,0.10324413996734036,0.2687469524155389
3.5103440000000004,0.0733817421910116,0.09425106164624644,0.1062199197898153,0.27385272362707336
3.512646,0.07280960299325409,0.09766177671465147,0.10924766713853447,0.27971904684644
3.5149470000000003,0.07249093287028661,0.10322459589129797,0.1133675844650415,0.28908311322662605
3.517249,0.0717215605017922,0.10990930790463986,0.119153018411342,0.300783886817774
3.5195510000000003,0.07098886372289763,0.11800543348672753,0.12718072332608052,0.3161750205357057
3.5218519999999995,0.07077981286217856,0.1273770587383484,0.13527828622691782,0.3334351578274448
3.524154,0.07042079959065123,0.13574420789460548,0.14434704551985972,0.35051205300511645
3.526456,0.06991793650658233,0.14345189316119214,0.15382046997617854,0.36719029964395294
3.528757,0.06952265515200629,0.14936294144055484,0.16042460544249004,0.3793102020350512
3.5310589999999995,0.0689990092338308,0.15227664591894002,0.16630289939470227,0.3875785545474731
3.53336,0.06863632840334351,0.15273264107191942,0.1672851708333835,0.3886541403086464
3.5356620000000003,0.06800591576877738,0.14924632892347894,0.16433324495738133,0.3815854896496377
3.537964,0.0672683289112695,0.14235653972493473,0.15794890656928298,0.3675737752054872
3.540265,0.06658534793161028,0.13455636866894305,0.1487787680038319,0.34992048460438524
3.542567,0.06599405592595065,0.12670553148484254,0.14072039372934267,0.3334199811401359
3.5448690000000003,0.06538605615169553,0.11869706634662572,0.131910620140962,0.3159937426392833
3.5471699999999995,0.06472304299304066,0.11257852820929357,0.1253209674278661,0.30262253863020033
3.549472,0.06406817996540798,0.10660877155926507,0.1188786980269054,0.2895556495515784
3.5517730000000003,0.06340435179365089,0.1015180320207119,0.11274482607677093,0.2776672098911337
3.554075,0.06283628766140449,0.09702965644967472,0.10713318516905758,0.2669991292801368
3.556377,0.06187457220078649,0.09309217449378904,0.10184016483208734,0.2568069115266629
3.558678,0.061350111269508775,0.08870754385173661,0.0969177325921044,0.2469753877133498
3.5609800000000003,0.06043648158192168,0.08481027310863573,0.09227473229651648,0.2375214869870739
3.563282,0.05997070159400372,0.08139955804023065,0.08728244207043477,0.2286527017046692
3.565583,0.05924737746578467,0.07727951717830207,0.08318041520378233,0.21970730984786907
3.567885,0.058489822787272425,0.07397576393590452,0.07849652242852684,0.2109621091517038
3.570186,0.057920943641923815,0.07071624302757024,0.07440386675513154,0.2030410534246256
3.572488,0.05720128707266475,0.06651658396432779,0.06993210371815155,0.1936499747551441
3.57479,0.05659654735081851,0.06332461789347194,0.06616232824879804,0.1860834934930885
3.577091,0.05592660658079479,0.060096461731109774,0.06272480417674349,0.17874787248864804
3.579393,0.05513359883233604,0.05682809435596284,0.05933498799763445,0.17129668118593333
3.581695,0.054748912648088836,0.05439692443099503,0.055710040060436894,0.16485587713952074
3.583996,0.05408630699598508,0.05137706235085802,0.05223503121535375,0.15769840056219686
3.586298,0.05348971740516102,0.04831377216091347,0.04925499175958007,0.15105848132565455
3.588599,0.052730940206995466,0.04582711076230266,0.04595547980640355,0.14451353077570167
3.590901,0.0523124309790062,0.0432013185674565,0.04361182956545633,0.13912557911191906
3.593203,0.05176066710880417,0.04078703735185831,0.04091462976071663,0.1334623342213791
3.595504,0.05117304266210451,0.03881588370114837,0.03862550282599282,0.1286144291892457
3.597806,0.050740270704826416,0.036803714613397966,0.036384935710874235,0.12392892102909862
3.600108,0.050064217336536036,0.034374957361197236,0.033916904177604845,0.11835607887533815
3.602409,0.04978548285557727,0.03282200032344903,0.03224457214453345,0.11485205532355976
3.604711,0.04938612643549013,0.030569368183245644,0.030613984517789367,0.11056947913652514
3.607012,0.04877690414158169,0.02901239002421895,0.02897998918440631,0.10676928335020694
3.609314,0.04825814830201952,0.027505273769045387,0.027406480643864858,0.10316990271492976
3.611616,0.04785471681642129,0.025975639234712345,0.02573159283081425,0.09956194888194787
3.613917,0.04734085105547243,0.024602828430239948,0.024155528510293574,0.09609920799600596
3.616219,0.0469239718536876,0.02380986331412408,0.022737070621824968,0.09347090578963664
3.618521,0.04645207926750299,0.022289075246603687,0.02181273019600609,0.09055388471011278
3.620822,0.04581962910018133,0.0210803261902932,0.0206924466384468,0.08759240192892133
3.623124,0.0454426855404052,0.02007263319790661,0.01962668638711093,0.08514200512542275
3.625425,0.0452768303741037,0.019368132749917253,0.018537924115962057,0.08318288723998303
3.627727,0.04463500755610651,0.01802186134588281,0.018088106839618864,0.08074497574160819
3.630029,0.04410361901345995,0.017441211433270584,0.016708837577498338,0.07825366802422888
3.632330000000001,0.043738085637114885,0.01657988725542059,0.015733381552095006,0.07605135444463049
3.634632,0.043493989213000406,0.015337360780370884,0.015470988140894806,0.0743023381342661
3.636934,0.04309422528636216,0.015210293347970975,0.014643767354286387,0.07294828598861954
3.639235,0.04261825763466647,0.013887344447351707,0.014078939978878168,0.07058454206089634
3.641537000000001,0.042048970982766734,0.013758668566440412,0.012962064127957845,0.06876970367716499
3.643838,0.041797946947283414,0.01284185291494742,0.012776344116134328,0.06741614397836515
3.64614,0.04151228485495576,0.012211341098482063,0.012174031967697509,0.06589765792113532
3.648442,0.04111089090211308,0.012023956846904991,0.011237764568642256,0.06437261231766032
3.650743,0.04058072487911985,0.01130498036231312,0.011161943095925315,0.06304764833735829
3.653045,0.04019318614901489,0.010766150110997064,0.010629488933587252,0.06158882519359921
3.655347,0.039911191615647226,0.010564289822817468,0.010324499189400007,0.060799980627864715
3.657648000000001,0.0394987949859246,0.009642648825790304,0.009383972157046052,0.05852541596876095
3.65995,0.03913040906372176,0.00908532141659325,0.009148840398957563,0.057364570879272575
3.662251,0.03866055401029271,0.008893916043737696,0.008519266597409035,0.056073736651439436
3.664553,0.03835818414936959,0.008441942012036765,0.00855249173713893,0.05535261789854529
3.666855,0.03795312263756692,0.0080695861816497,0.008328435025627072,0.054351143844843686
3.669156,0.03748938018240452,0.007791324589179019,0.0076085569981460075,0.05288926176972954
3.671458,0.03717519263149922,0.007255711234885749,0.007636670577917458,0.052067574444302434
3.673759,0.036929873687731415,0.007142315614832669,0.006775372724919405,0.05084756202748348
3.676061,0.03653948241176868,0.0064884812949521425,0.006838415297740231,0.04986637900446105
3.678363,0.035982420956402236,0.00646676724004836,0.006101498737064351,0.04855068693351495
3.680664,0.03576195991225209,0.0063002928191193686,0.0059898963446382925,0.04805214907600975
3.682966,0.03532633540911622,0.005601421940919889,0.005812695599412185,0.046740452949448286
3.685268,0.03494327925107346,0.005647262723494539,0.005187381431162361,0.045777923405730364
3.687569,0.034588748551608345,0.0054534446778718975,0.0051107080317856785,0.04515290126126592
3.689871,0.0343071615247918,0.004775483630320503,0.004970140132928431,0.044052785288040734
3.692172,0.033832008886198334,0.004834996225241977,0.00417699641270965,0.04284400152414995
3.694474,0.03363070064995032,0.004821324412895152,0.004283487245177263,0.042735512308022736
3.696776,0.03337397152275145,0.004069374733819762,0.004276671831899335,0.04172001808847055
3.699077,0.032928566862388965,0.004042835333381806,0.0039503839212185685,0.04092178611698933
3.701379,0.0325239128571374,0.004028359296779286,0.003768923542693757,0.04032119569661044
3.703681,0.032410626035929015,0.0036946062306656095,0.003482676185020813,0.03958790845161543
3.705982,0.03213148404841912,0.003182315379787509,0.0034477471919714363,0.03876154662017807
3.708284,0.031551194719639436,0.0032241350410836807,0.003141905521124452,0.03791723528184757
3.710585,0.03154548962792391,0.002843736968139659,0.0025642992458201194,0.03695352584188369
3.712887,0.031083377198965933,0.002801917306843488,0.0025566319058824517,0.03644192641169187
3.715189,0.030957050168122037,0.002362810863233688,0.0025455568593058192,0.03586541789066155
3.71749,0.030653050280994493,0.002422323458155162,0.002640972645196801,0.03571634638434645
3.719792,0.030446851966133174,0.0024472544100817262,0.0018844617713468785,0.03477856814756178
3.722094,0.030020600113672826,0.0019775874447554927,0.0017064090994610296,0.033704596657889344
3.724395,0.02969581739243869,0.0016076442871355142,0.0016970379062038801,0.03300049958577808
3.726697,0.02967544206488322,0.001606840062879819,0.0017004456128428432,0.03298272774060588
3.728998,0.02941097031321327,0.0016076442871355142,0.0017140764393986975,0.032732691039747484
3.7313,0.029043399404112658,0.001611665408413992,0.0015317641342141445,0.03218682894674079
3.733602,0.028783817731056018,0.0015891471292545155,0.001199512736915192,0.03157247759722573
3.735903,0.028645673010229963,0.0014974655641052169,0.0008468150997824579,0.030989953674117637
3.738205,0.028296032389378164,0.0013679854589382242,0.0008536305130603852,0.030517648361376763
3.740507,0.0281668528126765,0.0007985946859057358,0.0008527785864006442,0.02981822608498288
3.742808,0.02787100305657113,0.0008299594318778642,0.0008510747330811626,0.029552037221530162
3.74511,0.027647689466563218,0.0008026158071842138,0.0008587420730188308,0.029309047346766263
3.747411,0.0273453196056401,0.000804224255695605,0.0008331842732266035,0.028982728134562312
3.749713,0.02732861183704462,0.000804224255695605,0.0008204053733304902,0.028953241466070718
3.752015,0.027128118613898838,0.000804224255695605,0.0002751723110963118,0.028207515180690756
3.754316,0.02682045116781129,0.0008098538254854742,0.0009490462989513664,0.02857935129224813
3.756618,0.026474885612470585,0.0006843948415969597,0.000668762427896609,0.027828042881964155
3.75892,0.026359968765057758,0.0003739642788984563,4.259633298704516e-06,0.026738192677254927
3.761221,0.0260690090875657,0.0009329001366069018,1.3630826555854456e-05,0.027015540050728457
3.763523,0.02595938982531729,0.0,2.5557799792227104e-06,0.02596194560529651
3.765824,0.025839990405842263,0.00011339562005308027,5.963486618186325e-06,0.02595934951251353
3.768126,0.025428001282670733,0.0007479285577969126,6.815413277927228e-06,0.02618274525374557
3.770428,0.025206317718867256,0.0008283509833664733,0.0001252332189819128,0.02615990192121564
3.772729,0.025172902181676296,0.0002854996107719397,0.000520527189101692,0.025978928981549926
3.775031,0.024872569853508726,0.00038281074571110786,0.00016186606535077163,0.0254172466645706
3.777333,0.024654146342114124,0.0008299594318778642,0.000767585920426554,0.026251691694418544
3.779634,0.02456530991397229,0.0008010073586728226,0.0008425554664837536,0.02620887273912887
3.781936,0.024518446660594717,0.000804224255695605,0.0008595939996785713,0.026182264915968898
3.784237,0.024424720153839573,0.0008034200314399095,0.000845963173122717,0.0260741033584022
3.786539,0.024165545987334044,0.0008074411527183872,0.0008706690462552035,0.025843656186307632
3.788841000000001,0.02380245765029564,0.0008363932259234293,0.000838295833185049,0.025477146709404118
3.791142,0.023800420117540088,0.0014427783147179154,0.00162206836014668,0.026865266792404682
3.793444,0.02367979817841173,0.0016076442871355142,0.0018767944314092106,0.02716423689695646
3.795746,0.02360237193370096,0.001593972474788689,0.002479106579846029,0.02767545098833568
3.798047,0.02324458118182697,0.0018231763876619368,0.0025821897056746783,0.027649947275163584
3.800349,0.02320831309877824,0.002432778373479205,0.0025787819990357144,0.028219873471293164
3.80265,0.02318060265330281,0.002400609403251381,0.003460526091867549,0.029041738148421738
3.804952,0.02290146066579292,0.0025365233024639377,0.0036666923435248475,0.029104676311781708
3.807254,0.022768613530131283,0.003241023750453288,0.004222148525675918,0.030231785806260486
3.809555000000001,0.02250332676535911,0.0035715599195441814,0.004621702129094401,0.030696588813997693
3.811857,0.022364774537981944,0.004035597315080546,0.0051354139049181674,0.03153578575798066
3.814159,0.022405525193092874,0.00409510991000202,0.0054932231020093465,0.03199385820510424
3.81646,0.022176914017920542,0.004744923108604069,0.006024825337687669,0.03294666246421228
3.818762,0.022179766563778302,0.004822932861406543,0.0061381315834332095,0.03314083100861805
3.821063,0.021958898013077054,0.005727685149064098,0.006794967038093446,0.0344815502002346
3.823365,0.021685868623833805,0.0056504796205173215,0.006840971077719454,0.034177319322070576
3.825667,0.021602737287407504,0.00565610919030719,0.007362350193480888,0.03462119667119558
3.827968,0.021616592510145218,0.0065359305260381815,0.0076980092974188044,0.035850532333602206
3.83027,0.021433622068697138,0.006454703876212925,0.007953587295341073,0.035841913240251135
3.832572,0.02122008863591585,0.0064756137068610106,0.008518414670749293,0.03621411701352616
3.834873,0.0209425766746104,0.007221129591890837,0.00855249173713893,0.03671619800364016
3.837175,0.020854147753019674,0.0072621450289313124,0.008546528250520742,0.03666282103247173
3.839476,0.02074126843836239,0.0072613408046756185,0.008627461283196126,0.03663007052623414
3.841778,0.02070703788806921,0.007274208392766749,0.00922295801835502,0.037204204299190975
3.84408,0.020587638468594176,0.007241235198283226,0.009435939683290245,0.03726481335016765
3.846381,0.020528957525234436,0.008104972048900308,0.009412085736817502,0.03804601531095225
3.848683,0.020249000524622328,0.008140357916150913,0.009412937663477242,0.03780229610425048
3.850984,0.020280378529057747,0.007396450479632479,0.009413789590136985,0.037090618598827216
3.853286,0.020178501891280416,0.008112210067201567,0.009412085736817502,0.03770279769529949
3.855588,0.02012389601343176,0.007543623518424774,0.009418049223435686,0.037085568755292224
3.857889,0.02003220703943217,0.007238018301260443,0.009399306836921388,0.036669532177614005
3.860191,0.02001386924463225,0.0072613408046756185,0.009372045183809678,0.036647255233117536
3.862493,0.02000368158085452,0.0072613408046756185,0.008486041457679139,0.035751063843209266
3.864794,0.019882244628623938,0.007267774598721181,0.008576345683611675,0.035726364910956786
3.867096,0.019749804999513402,0.007266166150209791,0.008546528250520742,0.03556249940024394
3.869397,0.01955542437463426,0.006992729903273285,0.008557603297097375,0.03510575757500492
3.871699,0.01950204101643893,0.006393582832780059,0.008411071911621939,0.03430669576084093
3.874001,0.019489815819905658,0.006452291203445839,0.007684378470862949,0.033626485494214445
3.876302,0.019435617448608118,0.006450682754934447,0.007721011317231807,0.033607311520774376
3.878604,0.01919600359655584,0.00646676724004836,0.008164013180297077,0.03382678401690127
3.880906,0.018996732893063376,0.006428164475774971,0.00860701504336235,0.034031912412200695
3.883207,0.01911653981908952,0.00713105647525293,0.008543972470541521,0.034791568764883964
3.885509,0.018903821399410447,0.0072701872714882685,0.008549935957159705,0.034723944628058424
3.88781,0.01897961761791678,0.007257319683397137,0.008555047517118155,0.03479198481843207
3.890112,0.01880601982714421,0.007240430974027531,0.008632572843154574,0.03467902364432632
3.892414,0.01875019142964223,0.007592681198022206,0.009445310876547396,0.03578818350421183
3.894715,0.018489794743483376,0.008107384721667393,0.009323485364204449,0.035920664829355214
3.897017,0.01859615395332291,0.00807682419995096,0.009923241732662043,0.036596219885935914
3.899319,0.01845719421939463,0.008014094708006703,0.010309164509524672,0.036780453436926014
3.90162,0.018294599105502008,0.00860198263892019,0.010273383589815556,0.03716996533423776
3.903922,0.018233880629386717,0.008894720267993391,0.010280199003093479,0.037408799900473584
3.906223,0.01831904949856857,0.008901958286294651,0.010751314445930202,0.03797232223079342
3.908525,0.018122631340933875,0.00879982180582131,0.01119090860235651,0.038113361749111695
3.910827,0.017997934336294426,0.009580723558101741,0.01105289648347848,0.03863155437787465
3.913128,0.018013827091787685,0.00970376986922317,0.01161942771220618,0.039337024673217036
3.91543,0.01776076552354879,0.010292462024392351,0.01204113140877793,0.04009435895671908
3.917732,0.017709012191557908,0.010449285754252996,0.011950827182845394,0.0401091251286563
3.920033,0.017713494763620108,0.01130498036231312,0.01283427512899671,0.04185275025492994
3.922335,0.017657666366118138,0.01131382682912577,0.012923727428269504,0.04189522062351341
3.924636,0.01756353235281188,0.011257531131227077,0.013578859029610259,0.04239992251364921
3.926938,0.01744902301195016,0.011942730197079731,0.013867662167262429,0.04325941537629232
3.92924,0.01731739839594185,0.012129310224401115,0.014436749175969347,0.043883457796312315
3.931541,0.017316175876288517,0.01227487481468202,0.014604578727938309,0.04419562941890885
3.933843,0.01741560747475919,0.01287321766091955,0.014607986434577268,0.04489681157025602
3.936145,0.01728602039150643,0.01296087810479037,0.014569649734888931,0.04481654823118573
3.938446,0.01720370406818235,0.01295846543202328,0.015451393827720766,0.0456135633279264
3.940748,0.017076562024236238,0.012956856983511893,0.014981982238203528,0.045015401245951665
3.943049,0.017017473574325388,0.012956052759256195,0.015235004456146575,0.04520853078972816
3.945351,0.017061891788396302,0.012957661207767587,0.014487864775553803,0.0445074177717177
3.947653,0.016975500399561125,0.012984200608205541,0.01459435560802142,0.04455405661578808
3.949954,0.016758299407819855,0.012690658754876648,0.014656546254182503,0.044105504416879014
3.952256,0.01672814392303777,0.01216147919462894,0.013980968413007968,0.04287059153067467
3.954558,0.01672488387062889,0.012139765139725157,0.013735613535002585,0.042600262545356635
3.956859,0.01667190801898468,0.011727198096553312,0.013210826712602191,0.04160993282814018
3.959161,0.016649902665224776,0.011255922682715688,0.012818940449121371,0.040724765797061836
3.961462000000001,0.01649138261684325,0.01139264080618394,0.012480725565204236,0.04036474898823143
3.963764,0.016305152122986288,0.010467782912133992,0.011618575785546441,0.03839151082066672
3.966066000000001,0.01636464807944825,0.0100640623357748,0.01092936711781605,0.0373580775330391
3.968367,0.01633897516672836,0.009727896596894036,0.010530665441057309,0.0365975372046797
3.970669,0.016336122620870596,0.009057173567643904,0.009615696208495577,0.035008992397010066
3.972971,0.016320637371928442,0.00870251067088214,0.00903127451991332,0.0340544225627239
3.975272,0.01605942567266736,0.007870138566237191,0.008588272656848047,0.032517836895752605
3.977574,0.016041495384418552,0.0073377421089667,0.007675007277605799,0.03105424477099105
3.979875,0.016054943100605158,0.0072838590838350935,0.007605149291507044,0.0309439514759473
3.982177,0.016100991340880517,0.006423339130240797,0.006748962998467437,0.02927329346958875
3.984479,0.016002782262063166,0.0063220068740231505,0.006346001688409989,0.028670790824496306
3.98678,0.015859747462623797,0.005799261107821007,0.005979673224721401,0.0276386817951662
3.989082,0.01579699145375296,0.004947587621039362,0.005554561821510691,0.02629914089630301
3.991384,0.0157334204317799,0.00483258355247489,0.00463022139569181,0.025196225379946605
3.993685,0.015775801113095275,0.004296970198181618,0.0043235277981850855,0.024396299109461974
3.995987,0.01570611749285558,0.004076612752121021,0.003885637495078261,0.023668367740054864
3.998288,0.015583050514420563,0.003395434807546844,0.003423893245498691,0.0224023785674661
4.00059,0.015563490199967318,0.003218505471293811,0.003198984607327092,0.021980980278588226
