Wavelength,H2O_40K,HNCO_NH3,H2O_CH3OH_CO_NH3_100K_NASA,all
2.85208,0.10968056215141993,0.0003514236333493205,0.07335582029407,0.18338780607883925
2.854382,0.11383683201647896,0.00036637783051312136,0.07843127481146403,0.19263448465845606
2.8566830000000003,0.11850802473721155,0.0003813320276769223,0.08363334153151154,0.20252269829640004
2.858985,0.1228616900048328,0.00039628622484072317,0.08875714795306852,0.21201512418274204
2.861286,0.1274655888383283,0.00041124042200452404,0.09469745353976902,0.22257428280010186
2.863588,0.13221254949135747,0.00042619461916832487,0.09966125005167333,0.2322999941621991
2.8658900000000003,0.13733186965376531,0.0004411488163321257,0.10459414122277244,0.2423671596928699
2.868191,0.14214462877431522,0.0004561030134959267,0.10952753086711037,0.2521282626549215
2.870493,0.1468856077484789,0.00047105721065972733,0.11471314797027768,0.26206981292941633
2.872795,0.15199146913343928,0.0004860114078235283,0.11905235751397393,0.2715298380552367
2.875096,0.15727379004493255,0.0005009656049873292,0.12404057921457907,0.2818153348644989
2.877398,0.16248183844384562,0.00051591980215113,0.1284111925723193,0.2914089508183161
2.879699,0.16788379293264927,0.000530873999314931,0.1329094150791906,0.3013240820111548
2.882001,0.17330070161861674,0.0005453297232399384,0.1372032635581566,0.3110492949000133
2.884303,0.1785087500175298,0.0005602839204037394,0.14121996091635355,0.3202889948542871
2.886604,0.18381998237687308,0.0005747396443287468,0.1453916834518152,0.32978640547301696
2.888906,0.1889791803983844,0.0005896938414925477,0.14971444337863124,0.33928331761850816
2.891208,0.19415831734944744,0.0006041495654175552,0.15368229035942638,0.34844475727429136
2.893509,0.19947054665526828,0.0006191037625813561,0.1575883266586112,0.3576779770764609
2.895811,0.20476582787097014,0.0006335594865063636,0.16151180952115374,0.3669111968786303
2.898112,0.2105092365283473,0.0006485136836701644,0.1661715373573941,0.3773292875694115
2.900414,0.21567192386253012,0.0006629694075951719,0.17012592556074185,0.3864608188308672
2.902716,0.22040442879163435,0.0006774251315201795,0.17477717935192272,0.3958590332750773
2.905017,0.22536872377677744,0.0006918808554451871,0.1788841003663412,0.40494470499856383
2.907319,0.2303499668520395,0.0007068350526089879,0.1832975824226176,0.4143543843272661
2.909621,0.23492345881796856,0.0007242816159667555,0.1877539331774303,0.4234016736113656
2.911922,0.24018235148723854,0.0008065297003676603,0.19253379306421986,0.4335226742518261
2.9142240000000004,0.24473640299685476,0.0008962548833504658,0.19741384607200685,0.443046503952212
2.916525,0.2493253476331864,0.0009859800663332711,0.20271610591305184,0.4530274336125716
2.918827,0.2539551670750992,0.0010752067760772827,0.20782097035153468,0.4628513442027112
2.921129,0.2583806124891066,0.0011629380661049144,0.21276482793388726,0.4723083784890988
2.92343,0.2624745731993165,0.001251666302610133,0.2179305061075029,0.4816567456094295
2.925732,0.26632029423660736,0.0013448807982644913,0.22346106669191526,0.4911262417267871
2.928034,0.2708195136899562,0.001434605981247297,0.2293864180814519,0.5016405377526554
2.930335,0.27353569436814124,0.001518349485364582,0.23399181233466385,0.5090458561881697
2.932637,0.27817348938187475,0.0016494479471672364,0.2411758086521537,0.5209987459811958
2.9349380000000003,0.2823611630609777,0.0019176265496380648,0.2468838257095765,0.5311626153201924
2.93724,0.2861764772307021,0.0021683585887511264,0.25270300229925025,0.5410478381187035
2.939542,0.2898188211865652,0.002430057039117641,0.25886313458425864,0.5511120128099415
2.941843,0.2934098223988326,0.002691257016245364,0.26503772259319197,0.5611388020082699
2.944145,0.29654870838351444,0.002951958520134292,0.2709067465067451,0.5704074134103938
2.946447,0.2999976447227257,0.00320219208600856,0.2766257299754213,0.5798255667841556
2.948748,0.30345555358023524,0.0034733615279121497,0.2829488630095151,0.5898777781176625
2.95105,0.3067699021449723,0.003969840873750338,0.2888358319596647,0.5995755749783873
2.953351,0.3100413820111731,0.00449024693505061,0.2946435436648462,0.6091751726110699
2.955653,0.3112731093842315,0.004923420179562041,0.2986303326287155,0.614826862192509
2.957955,0.3156681479306726,0.005206552979196671,0.3052969137243379,0.6261716146342071
2.960256,0.3190722216783925,0.005505636922472688,0.3105403537232053,0.6351182123240704
2.962558,0.320687274972083,0.005450804866205418,0.31419565798327703,0.6403337378215654
2.96486,0.3245972990571781,0.00536058120998382,0.3207460948142606,0.6507039750814225
2.967161,0.3268189942824801,0.005256400303076007,0.3262352821198531,0.6583106767054092
2.969463,0.3302385207006026,0.005154213289123367,0.3311572068796988,0.6665499408694248
2.971764,0.3328804288662074,0.005063491159662975,0.3364270659602221,0.6743709859860925
2.974066,0.3355791629810347,0.004960805672471542,0.3417647174012215,0.6823046860547277
2.976368,0.3391716596130185,0.004858618658518904,0.34599675519857714,0.6900270334701145
2.978669,0.3413619510242765,0.004765902636103338,0.3504800235082846,0.6966078771686643
2.980971,0.34442855838933323,0.0046657095151058725,0.3559876543237125,0.7050819222281517
2.983273,0.3471168245661459,0.004563522501153233,0.3604544730165399,0.7121348200838391
2.985574,0.3497816625007352,0.004475292737886808,0.3654800802100545,0.7197370354486765
2.987876,0.35251828058171075,0.004372108777456581,0.3702424935334863,0.7271328828926537
2.990177,0.3552244917951199,0.004242505735370307,0.3749680198372474,0.7344350173677376
2.992479,0.357930703008529,0.004088975977821953,0.3795589583665343,0.7415786373528852
2.994781,0.3606523668923408,0.0039374401132287705,0.3842371297126099,0.7488269367181795
2.997082,0.3634024437507638,0.0037864027218743814,0.3889138056389693,0.7561026521116074
2.999384,0.366168970226067,0.003635365330519993,0.3925915411947867,0.7623958767513737
3.001686,0.36892353334363903,0.003484826412404397,0.3976520415150169,0.7700604012710603
3.003987,0.37167361020206197,0.0033337890210500074,0.4028107410632895,0.7778181402864015
3.006289,0.3736685001037131,0.003168794379009405,0.4067112941568475,0.7835485886395701
3.0085900000000003,0.3763577632270033,0.0031882348353223463,0.4110664548441851,0.7906124529065108
3.010892,0.37902858284045815,0.003304877573199993,0.4150283201461147,0.7973617805597728
3.013194,0.3813619360712499,0.003415538632212119,0.4192135014590239,0.8039909761624859
3.015495,0.3832850458265146,0.003526698164463039,0.4233169331607708,0.8101286771517484
3.0177970000000003,0.3854050525111029,0.0036383561699527525,0.426727487060595,0.8157708957416505
3.020098,0.38728678898754776,0.003760482113457126,0.43070779587236,0.8217550669733649
3.0224,0.3886825140561692,0.0038711431724692525,0.4337739047641779,0.8263275619928163
3.024702,0.3899247093672422,0.003981305758242586,0.4368853747207261,0.8307913898462109
3.027003,0.3911474642220024,0.004090969870777125,0.44054765760614095,0.8357860916989205
3.029305,0.39269522362845577,0.0042011324565504595,0.4429886810565121,0.8398850371415183
3.031607,0.3942853532602065,0.004323258400054832,0.4462611578691905,0.8448697695294518
3.0339080000000003,0.39454007308523,0.004433420985828165,0.4493656492003956,0.8483391432714538
3.03621,0.3954024317883425,0.004548069830750639,0.4514213528371793,0.8513718544562725
3.038511,0.3953889730108951,0.0047120675263136545,0.4538100365974772,0.8539110771346858
3.040813,0.3962398668295153,0.0048955056781896135,0.4566279058163761,0.8577632783240811
3.043115,0.39644822864333096,0.005079442303304363,0.4585923888504607,0.8601200597970959
3.045416,0.3953147004983149,0.005258892669269974,0.4605827924929626,0.8611563856605475
3.047718,0.3953575691968511,0.005441832347907139,0.4614905122608052,0.8622899138055634
3.05002,0.3950091364029345,0.005613307142052055,0.4637540792381659,0.8643765227831525
3.052321,0.3934902884443312,0.005793255981256458,0.4647071600707389,0.8639907044963264
3.054623,0.3927969121691696,0.005975697186654829,0.4664184186995165,0.8651910280553409
3.056924,0.391223232154299,0.006158138392053199,0.466518611820514,0.8638999823668662
3.059226,0.390670923805716,0.006331607079153289,0.4675599224163533,0.8645624533012225
3.061528,0.38871690870964587,0.006498097140910273,0.4688963291695583,0.8641113350201144
3.063829,0.3873520889818297,0.006655614684368975,0.46956029552363104,0.8635679991898297
3.066131,0.38536367923228293,0.00680914444191733,0.4699142115231743,0.8620870351973746
3.068433,0.3828508756355257,0.006954698627644993,0.4701026344074382,0.8599082086706089
3.070734,0.38131159027413175,0.007110720751387314,0.4701165916581244,0.8585389026836434
3.073036,0.3785340973875751,0.0072537825709210095,0.470117588604602,0.855905468563098
3.075337,0.3758238983882556,0.007410303167902125,0.470117588604602,0.8533517901607597
3.077639,0.3742661695170263,0.0075553588803909935,0.469856887100713,0.8516784154981303
3.079941,0.3716516773795552,0.0077068947449841765,0.4687836742175909,0.8481422463421302
3.082242,0.3679654677786783,0.007854941296905806,0.4688205612372616,0.8446409703128457
3.084544,0.3653195718271631,0.008003486322066227,0.468228873502814,0.8415519316520432
3.086846,0.3621333308847959,0.008141064935973195,0.4673660163264627,0.8376404121472318
3.089147,0.3590422983310383,0.00826618171891033,0.4662753568799827,0.8335838369299313
3.0914490000000003,0.3560534527912333,0.008386812242698322,0.4646578112200983,0.8290980762540299
3.09375,0.35282484162356864,0.00851840917773977,0.4637246693170771,0.8250679201183855
3.096052,0.349432232760341,0.00864601832687087,0.4618803183335417,0.8199585694207536
3.098354,0.3460391254238746,0.008765153430942484,0.4607801878955247,0.8155844667503418
3.100655,0.34198853188543976,0.008893759526551172,0.4588042399769479,0.8096865313889389
3.102957,0.3389498390217554,0.009011897684145198,0.4575126958152343,0.8054744325211349
3.105259,0.33468789283007216,0.009091653402352136,0.4552052631928598,0.7989848094252842
3.10756,0.33107944505444703,0.00912754347554526,0.4530727946773017,0.7932797832072941
3.109862,0.3263992798154161,0.009162935075499588,0.451301719259869,0.7868639341507846
3.112163,0.32280279539752205,0.009187360264200462,0.4495919560508077,0.7815821117125301
3.114465,0.3189984476390511,0.009221754917677205,0.4475831088984705,0.7758033114551988
3.116767,0.3145660235997005,0.009254155678198777,0.44466355113885775,0.768483730416757
3.119068,0.3109037407142857,0.009290045751391895,0.441907991074808,0.7621017775404856
3.12137,0.3062918663089695,0.009325935824585015,0.4400172820800648,0.7556350842136192
3.123672,0.3018095949457396,0.009327431244301396,0.4377901036491361,0.7489271298391771
3.125973,0.2973208434304053,0.009266119035929813,0.4343336902113429,0.7409206526776781
3.128275,0.2929148384727108,0.009216770185289273,0.4324454735827936,0.7345770822407937
3.130576,0.28859158007265595,0.009159445762828034,0.4294970043753309,0.7272480302108149
3.132878,0.2843700102133149,0.009102121340366795,0.4266591962268803,0.7201313277805621
3.13518,0.27925617325653385,0.009049781650293496,0.4238288651770116,0.7121348200838391
3.137481,0.2749847560733135,0.008990463334877085,0.4210075066454412,0.7049827260536318
3.139783,0.2699531672009334,0.008932141965938261,0.4182783656630475,0.6971636748299191
3.142085,0.2651249554099808,0.008883291588536511,0.4150343018249803,0.6890425488234977
3.144386,0.2606551458777208,0.008826465639314069,0.4114248571028776,0.6809064686199124
3.146688,0.25549644632944823,0.008774624422479558,0.40871715046975204,0.6729882212216798
3.148989,0.2512549375405555,0.008715804580301944,0.4061375514589963,0.6661082935798538
3.151291,0.2461067059302977,0.008657483211363119,0.40212633730642616,0.656890526448087
3.153593,0.24107162774524596,0.008609629780438955,0.3995557108139688,0.6492369683396537
3.155894,0.2363276579316495,0.008553302304455305,0.39578176992306413,0.6406627301591691
3.158196,0.23112309884540805,0.008496974828471657,0.3929579190252999,0.6325779926991795
3.160498,0.2264015603275573,0.008444136665159559,0.389404303305942,0.6242500002986587
3.162799,0.2216032569309324,0.008385815296220735,0.3861926402283963,0.6161817124555494
3.165101,0.2166539161429531,0.0083284908737595,0.3830896443169077,0.6080720513336203
3.167402,0.21121756700067268,0.00828462522874568,0.3788526217871641,0.5983548140165824
3.1697040000000003,0.20664905976713152,0.008241258056970662,0.3757197174813478,0.59061003530545
3.172006,0.20178695179594106,0.008206863403493919,0.3722144536661529,0.5822082688655879
3.174307,0.19673243315457636,0.008173465696494762,0.3681872883699413,0.5730931872210124
3.176609,0.19156027482885646,0.008139569516256814,0.36504242070639403,0.5647422650515073
3.1789110000000003,0.1869354401193316,0.008105673336018866,0.36148382025464815,0.5565249337099986
3.181212,0.18207233520166355,0.008072275629019713,0.3579147518648877,0.548059362695571
3.183514,0.17694454099419624,0.008039376395259349,0.3539155010700485,0.5388994184595041
3.1858150000000003,0.1719677841780833,0.008016945099513648,0.3499945105737,0.5299792398512969
3.188117,0.1669661037000307,0.0079830489192757,0.34662981621184474,0.5215789688311512
3.190419,0.16255511400994824,0.00794915273903775,0.3419012990686509,0.512405565817637
3.19272,0.15810225256780713,0.007915256558799802,0.3380640520764196,0.5040815612030265
3.1950220000000003,0.1527940110478966,0.007881360378561854,0.3345991645935669,0.4952745360200254
3.197323,0.1485440282139444,0.007847464198323904,0.331036077882672,0.4874275702949403
3.199625,0.14324874699824253,0.007813568018085956,0.32649598362374205,0.4775582986400706
3.201927,0.1392086213978223,0.007801604660354914,0.32207402752240616,0.4690842535805834
3.204228,0.1346206737079682,0.007850953510995459,0.3176794874492038,0.4601511146681675
3.20653,0.130175289364409,0.007903791674307555,0.31373706260358714,0.4518161436423037
3.208832,0.12570597830538774,0.00794765731932137,0.3095778018990953,0.4432314375238045
3.211133,0.12120277106612848,0.008003486322066227,0.3050476771049413,0.434253934493136
3.213435,0.1168007538943443,0.00804685349384125,0.3004487630038337,0.4252963703920192
3.215736,0.11242714969717134,0.00809121761209386,0.29629598245144617,0.41681434976071136
3.218038,0.10819261953362172,0.008143557302167162,0.291189622593247,0.4075257994290359
3.22034,0.10394911685177384,0.008189416840136151,0.2869291718212801,0.3990677055131901
3.222641,0.10038004846201336,0.008231787065433586,0.28228240428924833,0.3908942398166952
3.224943,0.0961415305125534,0.008289609961133619,0.2769831352876361,0.3814142757613232
3.227245,0.09196482324470384,0.008331980186431054,0.27229499447678457,0.37259179790791946
3.229546,0.08850242812804512,0.00837734125116125,0.2671572308045414,0.3640370001837478
3.231848,0.0847269918174242,0.008429680941234552,0.26257825563298554,0.3557349283916443
3.234149,0.08103729290387572,0.008473048113009573,0.25763738889006577,0.3471477299069511
3.236451,0.07760729854773861,0.008526883222799255,0.2525863595613726,0.33872054133191043
3.238753,0.07414091564516953,0.008570748867813073,0.24735936917938545,0.33007103369236795
3.241054,0.07115605789127491,0.00861311909311051,0.2420875162059068,0.3218566931902922
3.2433560000000003,0.0675052398903523,0.008681409926825201,0.2374801280597397,0.3136667778769173
3.245658,0.06482794012479316,0.008750697707017478,0.23211805143003955,0.3056966892618502
3.247959,0.061649674754246674,0.008817991594254582,0.2267165954144747,0.297184261762976
3.250261,0.05876750248754346,0.008890270213879621,0.2213739592410874,0.2890317319425105
3.252562,0.056066774479761015,0.008954573261683961,0.21634685662785635,0.2813682043693013
3.254864,0.053569423553406284,0.009029344247502966,0.21185461579985054,0.2744533836007598
3.257166,0.051081543618588604,0.009094145768546105,0.2067168521276074,0.2668925415147421
3.259467,0.048574223227458004,0.009156953396634068,0.2016040121173039,0.25933518874139594
3.261769,0.04611226390105758,0.009234715221885832,0.1965514873688944,0.2518984664918378
3.264071,0.04373105723934168,0.009297522849973795,0.1916380366541082,0.2446666167434237
3.266372,0.041778537562988084,0.00936232437101693,0.18654912335926674,0.23768998529327176
3.2686740000000003,0.03995661787519835,0.009435599937119557,0.1819158146046824,0.2313080324170003
3.270975,0.037798727224461884,0.009498407565207522,0.17714592418266875,0.22444305897233816
3.273277,0.03617021515332396,0.009574673970742908,0.17228680705091107,0.21803169617497795
3.275579,0.034400635155607526,0.009635487705875695,0.1675363570852103,0.21157247994669354
3.27788,0.032771126137992025,0.009629506027010177,0.16315826662888822,0.2055588987938904
3.280182,0.031040925526140264,0.009616047249562752,0.15855885405454187,0.19921582683024489
3.282484,0.029775301972843917,0.009607573204503266,0.15405165902937226,0.19343453420671944
3.284785,0.02811538608766202,0.00959610832001102,0.14974385329972004,0.1874553477073931
3.287087,0.02700229534543644,0.009575172443981698,0.14570273075282225,0.1822801985422404
3.289388,0.02581991682301859,0.009567196872161005,0.14131816014439585,0.1767052738395754
3.29169,0.0246769176864654,0.009559221300340313,0.13759207268441545,0.17182821167122114
3.293992,0.02351397962036049,0.009538285424310991,0.13361176387265045,0.16666402891732193
3.296293,0.022369983537329725,0.009527817486296329,0.1298233672578209,0.16172116828144695
3.298595,0.021242437071179142,0.009516352601804084,0.12614712712171985,0.15690591679470306
3.300897,0.02012685396275959,0.00950438924407304,0.12255562743621365,0.15218687064304628
3.3031980000000005,0.01946886928755236,0.009486942680715274,0.1190917368998386,0.14804754886810625
3.3055,0.01833583961577504,0.009479465582133372,0.1160650073938853,0.1438803125917937
3.307801,0.017588129757585,0.009469994590596298,0.1126325206715542,0.13969064501973552
3.310103,0.016571742823685332,0.009448061768089391,0.10968504841056906,0.13570485300234378
3.3124050000000005,0.016060309280683343,0.009441083142746285,0.1069040662113409,0.13240545863477052
3.314706,0.015397339873088172,0.009424135052627307,0.10475066181975357,0.12957213674546902
3.317008,0.014673556730360209,0.009412171694896271,0.1023604826397394,0.12644621106499587
3.31931,0.013996630072078823,0.009401205283642815,0.1007304751488851,0.12412831050460675
3.321611,0.013507627824822534,0.009390238872389359,0.09939905312806803,0.1222969198252799
3.323913,0.012582959966860848,0.009370299942837626,0.09840459901667524,0.12035785892637373
3.326214,0.012147792829394242,0.009363321317494521,0.0982206623915605,0.11973177653844927
3.3285160000000005,0.01167922798492848,0.00935484727243503,0.09826951276896227,0.1193035880263258
3.330818,0.011046665444899705,0.009332914449928124,0.09954161647436292,0.11992119636919076
3.3331190000000004,0.010752067760772829,0.009323941931629843,0.10082269269806186,0.12089870239046452
3.335421,0.01006616858419316,0.009316963306286737,0.10214464372734186,0.12152777561782176
3.3377230000000004,0.009626016714338622,0.009297522849973795,0.10344565888059253,0.12236919844490494
3.340024,0.009328428190778984,0.009286556438720344,0.104718261059232,0.12333324568873133
3.3423260000000004,0.008900239678655487,0.009275590027466888,0.1053468358133504,0.1235226655194728
3.344627,0.008533861848142364,0.009263128196497055,0.10541961290621424,0.12321660295085365
3.3469290000000003,0.008031400823438655,0.00924767552609446,0.10475315418594752,0.12203223053548065
3.349231,0.0077014115393574485,0.00924019842751256,0.10296513067839574,0.11990674064526576
3.351532,0.007443700874901281,0.009229232016259106,0.10078530720515236,0.11745824009631275
3.3538339999999995,0.007017506255732956,0.009209791559946164,0.09847388679686754,0.11470118461254665
3.356135,0.006564892554908583,0.009203809881080645,0.09627213050111726,0.11204083293710647
3.3584370000000003,0.006573865073206863,0.009183372478290116,0.0948041268128708,0.11056136436436778
3.360739,0.005982675811997935,0.009173403013514249,0.0942333749544524,0.1093894537799646
3.3630400000000003,0.00578029567704783,0.009166922861409936,0.09470044437920178,0.10964766291765954
3.365342,0.00548519951968216,0.00914847935157458,0.09604283281127232,0.11067651168252908
3.3676440000000003,0.0052030636665251154,0.009137014467082335,0.09789316547367326,0.11223324360728072
3.3699449999999995,0.0050405613906784824,0.009126546529067673,0.09986462713310104,0.11403173505284718
3.372247,0.00456302402791444,0.009114084698097841,0.10174137887715802,0.1154184876031703
3.3745480000000003,0.004500216399826475,0.009099130500934038,0.10341624895950373,0.11701559586026422
3.37685,0.0043407049634126005,0.009091653402352136,0.10396506799541523,0.11739742636117995
3.3791519999999995,0.0039987523216003535,0.00905077859677108,0.1043115068963766,0.11736103781474805
3.381453,0.003848213403484758,0.009024359515115031,0.1032163611907476,0.11608893410934737
3.3837550000000003,0.003477847787061289,0.0089969434869814,0.10192830634170554,0.11440309761574825
3.386057,0.0035022729757621645,0.008967035092653796,0.10009741413561753,0.11256672220403348
3.388358,0.003270482919723251,0.008927157233550328,0.0981538669775622,0.1103515071308358
3.39066,0.002985356227133448,0.008901236625133072,0.09606526410701803,0.10795185695928454
3.392961,0.003013270728505876,0.008873322123760644,0.09449258103862496,0.10637917389089148
3.395263,0.0028044104414514572,0.008842416782955454,0.09318608267974757,0.10483290990415446
3.397565,0.0025870761093375514,0.008804532816807159,0.09272748730005766,0.10411909622620236
3.3998660000000003,0.0026578593092462088,0.008778612208389906,0.0926577010466266,0.1040941725642627
3.402168,0.00251728985590648,0.00874970076053989,0.09212882094026684,0.1033958115567132
3.40447,0.0025013387122650925,0.008717798473257116,0.09218813925568324,0.10340727644120548
3.406771,0.002406628796894353,0.00868290534654158,0.09187709195467618,0.10296662609811212
3.409073,0.0019629876143682614,0.008656486264885532,0.09061096992814104,0.10123044380739482
3.411374,0.001992397535457069,0.008626079397319138,0.08912452273005922,0.09974299966283544
3.413676,0.0019968837946062103,0.008593678636797568,0.08716203358892975,0.09775259602033354
3.415978,0.002043740279052786,0.008562773295992379,0.08406501935630661,0.09467153293135178
3.418279,0.001472988420634386,0.008533861848142364,0.0817152165086347,0.09172206677741143
3.420581,0.0014909334572309472,0.008501959560859591,0.07933899457930674,0.08933188759739727
3.422883,0.0014909334572309472,0.008470555746815609,0.07736902833959536,0.08733051754364192
3.425184,0.0014904349839921535,0.008443638191920766,0.07568917352486174,0.08562324670077466
3.427486,0.0014904349839921535,0.008410240484921611,0.07452274614608527,0.08442342161499904
3.429787,0.0014899365107533605,0.00837883667087763,0.07385877979201251,0.0837275529736435
3.432089,0.00148395483188784,0.008349925223027613,0.07277509897087575,0.0826089790257912
3.434391,0.0014809639924550798,0.008325001561087945,0.0715907265555027,0.08139669210904574
3.436692,0.001013894567705699,0.008287117594939651,0.07094470523802651,0.08024571740067186
3.438994,0.0009979434240643117,0.008257707673850844,0.0693241687387093,0.07857981983662445
3.441296,0.0009964480043479313,0.008231787065433586,0.0683476596639131,0.07757589473369461
3.443597,0.0009964480043479313,0.008205866457016332,0.06700477275860378,0.07620708721996805
3.445899,0.0009964480043479313,0.008165988597912864,0.06522273092991751,0.0743851675321783
3.4482,0.0009964480043479313,0.008140067989495608,0.06414303789469107,0.0732795538885346
3.450502,0.0009964480043479313,0.008114147381078353,0.06282108686541109,0.07193168225083738
3.452804,0.0009964480043479313,0.008085235933228338,0.06136604348137325,0.07044772741894953
3.455105,0.0009964480043479313,0.008047850440318836,0.060453338981142614,0.06949763742580939
3.457407,0.0009964480043479313,0.008023425251617963,0.05911593528146002,0.06813580853742593
3.459709,0.0009964480043479313,0.007993516857290361,0.0584569536597752,0.06744691852141349
3.46201,0.0009964480043479313,0.007979559606604146,0.057369783525966875,0.06634579113691896
3.464312,0.0009984418973031052,0.007968094722111898,0.05680301945345882,0.06576955607287382
3.466613,0.0010119006747505257,0.007959620677052411,0.05567298062111427,0.06464450197291721
3.468915,0.0006923793286839803,0.007953140524948098,0.05516802723021659,0.06381354708384868
3.471217,0.0005014640782261227,0.007945164953127403,0.05469048986745256,0.06313711889880608
3.473518,0.0005373541514192446,0.007934198541873948,0.05411076549073587,0.06258231818402908
3.47582,0.0006475167371925777,0.007921736710904115,0.05413967693858588,0.06270893038668257
3.478122,0.0004959808725993957,0.007911767246128248,0.05412272884846691,0.06253047696719455
3.4804230000000005,0.0004984732387933624,0.007905287094023935,0.0541237257949445,0.0625274861277618
3.482725,0.0004989717120321556,0.007898308468680827,0.054120734955511736,0.06251801513622472
3.4850260000000004,0.0004989717120321556,0.007888339003904959,0.054098303659766034,0.06248561437570315
3.487328,0.0004984732387933624,0.007875877172935126,0.05448761125926365,0.06286196167099213
3.4896300000000005,0.0004984732387933624,0.007864910761681672,0.055069329528935514,0.06343271352941053
3.491931,0.0004984732387933624,0.007857433663099772,0.05552393712271506,0.0638798440246082
3.4942330000000004,0.0004989717120321556,0.00785145198423425,0.05620784240633954,0.06455826610260594
3.496535,0.0004989717120321556,0.007842479465935972,0.05671080190428205,0.06505225308225017
3.4988360000000003,0.0004989717120321556,0.00783051610820493,0.05741763695689104,0.06574712477712813
3.501138,0.0004984732387933624,0.00781855275047389,0.05812297658978365,0.0664400025790509
3.503439,0.0004984732387933624,0.007811075651891989,0.058874175760645235,0.06718372465133059
3.5057410000000004,0.0004989717120321556,0.007804595499787677,0.05975647339330949,0.06806004060512932
3.508043,0.0004989717120321556,0.007797616874444569,0.0604094733361288,0.06870606192260552
3.5103440000000004,0.0004989717120321556,0.007748766497042819,0.062150640359234,0.07039837856830898
3.512646,0.0004954823993606022,0.007713374897088491,0.06392221424990563,0.0721310715463547
3.5149470000000003,0.00047753736276404124,0.007666518412641914,0.06633283083271033,0.07447688660811629
3.517249,0.0008668449622616573,0.00761716956200137,0.06971796259735606,0.0782019771216191
3.5195510000000003,0.0010029281564522454,0.007570811550793587,0.0744150759265059,0.08298881563375173
3.5218519999999995,0.000759174742682291,0.0075289397987349455,0.07915306406123683,0.08744117860265405
3.524154,0.0007561839032495307,0.0074855726269599234,0.08445931168819215,0.0927010682184016
3.526456,0.000988970905766031,0.0074412085087073145,0.09000233410357435,0.09843251351804767
3.528757,0.0009974449508255183,0.00739933675664867,0.09386649865070047,0.10226328035817467
3.5310589999999995,0.0009964480043479313,0.007353975691918477,0.09730596399837467,0.10565638769464107
3.53336,0.0009964480043479313,0.007305623787755519,0.09788070364270343,0.10618277543480688
3.5356620000000003,0.0009964480043479313,0.007258767303308944,0.09615349387028443,0.10440870917794133
3.537964,0.0009964480043479313,0.0072238741765934065,0.092417935418767,0.10063825759970832
3.540265,0.0009964480043479313,0.00717402685271407,0.08705236947639522,0.09522284433345723
3.542567,0.0009964480043479313,0.007130161207700257,0.0823373111106488,0.090463920322697
3.5448690000000003,0.0009964480043479313,0.0070887879288804075,0.07718259934828665,0.08526783528151499
3.5471699999999995,0.0009964480043479313,0.007043925337389005,0.07332690884621998,0.08136728218795691
3.549472,0.0009964480043479313,0.006994576486748461,0.06955745421446459,0.07754847870556097
3.5517730000000003,0.0009964480043479313,0.0069606803065105135,0.06596844689515237,0.07392557520601083
3.554075,0.0009964480043479313,0.006913325348825143,0.0626850036712205,0.07059477702439358
3.556377,0.0009964480043479313,0.00686547191790098,0.05958798943859734,0.06744990936084624
3.558678,0.0009974449508255183,0.006822603219364752,0.0567078110648493,0.06452785923503956
3.5609800000000003,0.0009884724325272378,0.006781229940544902,0.053991131913425465,0.0617608342864976
3.563282,0.0009092151875590929,0.006734871929337121,0.051070078734096365,0.058714165850992574
3.565583,0.0008484014524263027,0.0066969879631888244,0.04866993008930632,0.05621531950492145
3.567885,0.0010019312099746585,0.006653620791413801,0.045929324222420416,0.053584876223808885
3.570186,0.0009964480043479313,0.006605767360489639,0.0435346587832571,0.051136874148094674
3.572488,0.0009959495311091383,0.006559907822520649,0.040918172752830745,0.048474030106460536
3.57479,0.0009964480043479313,0.006507069659208553,0.03871242867117011,0.046215946334726594
3.577091,0.0009959495311091383,0.006453733022657664,0.036701089152638894,0.044150771706405696
3.579393,0.0009959495311091383,0.006400894859345567,0.034717664135480115,0.04211450852593481
3.581695,0.0010019312099746585,0.00634805669603347,0.032596660504414336,0.03994664841042248
3.583996,0.0007726335201297118,0.006295218532721375,0.030563388163376226,0.03763124021622731
3.586298,0.00048202362191318137,0.006242380369409278,0.028819728774077038,0.0355441327653995
3.588599,0.000496479345838189,0.006189542206097182,0.02688914192023035,0.03357516347216572
3.590901,0.0004989717120321556,0.006137202516023878,0.02551784204030981,0.032154016268365844
3.593203,0.0004989717120321556,0.006084364352711782,0.023939675766290018,0.030523011831033963
3.595504,0.0004984732387933624,0.006032024662638479,0.022600278173652257,0.0291307760750841
3.597806,0.0004984732387933624,0.005979684972565176,0.021289293555625716,0.027767451766984245
3.600108,0.0004989717120321556,0.00592684680925308,0.019845216582841343,0.02627103510412658
3.602409,0.0004989717120321556,0.005875005592418569,0.018866713615089976,0.0252406909195407
3.604711,0.0004984732387933624,0.005822665902345266,0.01791263583603948,0.02423377497717811
3.607012,0.0004984732387933624,0.005770326212271964,0.016956564164033808,0.02322536361509913
3.609314,0.0004989717120321556,0.005718484995437453,0.016035884091982467,0.02225334079945208
3.611616,0.0004989717120321556,0.005666145305364151,0.015055885704514719,0.021221002721911027
3.613917,0.0004989717120321556,0.00561430408852964,0.014133710212746996,0.020246986013308797
3.616219,0.0004984732387933624,0.005562462871695132,0.013303752270156049,0.01936468838064454
3.618521,0.0004984732387933624,0.005505636922472688,0.012762908806065251,0.018767018967331302
3.620822,0.0004989717120321556,0.005447315553533865,0.01210741649705198,0.018053703762618
3.623124,0.0004989717120321556,0.005395474336699355,0.011483826475321484,0.017378272524052992
3.625425,0.0004984732387933624,0.005344131593103639,0.010846777676143565,0.016689382508040564
3.627727,0.0004984732387933624,0.0052922903762691285,0.010583583806060672,0.016374347421123158
3.630029,0.0004989717120321556,0.005240947632673413,0.009776555632454215,0.015516474977159788
3.632330000000001,0.0004989717120321556,0.0051896048890776965,0.009205803774035818,0.014894380375145668
3.634632,0.0004984732387933624,0.005138262145481979,0.00905227401648746,0.014689009400762803
3.636934,0.0004984732387933624,0.005086919401886264,0.008568256501619105,0.014153649142298731
3.639235,0.0004989717120321556,0.005035576658290547,0.008237768744299106,0.013772317114621808
3.641537000000001,0.0004989717120321556,0.004984233914694831,0.00758427032824101,0.013067475954967996
3.643838,0.0004984732387933624,0.0049333896443379075,0.007475603162184056,0.012907466045315327
3.64614,0.0004989717120321556,0.004882046900742192,0.007123182582357148,0.012504201195131496
3.648442,0.0004989717120321556,0.004831202630385269,0.006575360492923244,0.011905534835340669
3.650743,0.0004984732387933624,0.004780358360028346,0.0065309963746706355,0.011809827973492344
3.653045,0.0004984732387933624,0.004729514089671423,0.0062194506004247824,0.011447437928889569
3.655347,0.0004989717120321556,0.0046786698193145,0.00604099718093676,0.011218638712283414
3.657648000000001,0.0005014640782261227,0.004627825548957578,0.005490682725308887,0.010619972352492586
3.65995,0.0004890022472562887,0.004576981278600653,0.005353104111401919,0.010419087637258859
3.662251,0.00036388546431915457,0.00452763242796011,0.004984732387933624,0.009876250280212887
3.664553,0.000412735841720904,0.004463329380155767,0.0050041728442465645,0.009880238066123237
3.666855,0.0004795312557192146,0.004421457628097125,0.0048730743824439106,0.00977406326626025
3.669156,0.0005448312500011451,0.0043880599210979684,0.0044518644956635205,0.009384755666762631
3.671458,0.00016000990965266934,0.004354662214098815,0.0044683141125437,0.008982986236295183
3.673759,0.0005358587317028647,0.004320766033860866,0.003964357668123611,0.008820982433687341
3.676061,0.0005064488106140562,0.004287368326861711,0.00400124468779432,0.008795061825270088
3.678363,0.0002676801292320356,0.004253970619862555,0.0035700653362380616,0.008091716085332653
3.680664,0.00023428242223288038,0.0042205729128634,0.003504765341956131,0.007959620677052411
3.682966,0.00017745647301043701,0.004187175205864244,0.003401082908287112,0.007765714587161792
3.685268,0.0005064488106140562,0.004153777498865089,0.003035203551012784,0.00769542986049193
3.687569,0.00020337708142769187,0.004120878265104727,0.002990340959521381,0.0073145963060538
3.689871,4.4364118252609254e-05,0.004087480558105572,0.002908092875120477,0.0070399375514786575
3.692172,0.0005333663655088976,0.004054082851106417,0.0024440142898038567,0.0070314635064191704
3.694474,0.0003454419544838001,0.004021183617346055,0.0025063234446530266,0.006872949016482882
3.696776,0.00025820913769496174,0.003987785910346899,0.00250233565874268,0.006748330706784541
3.699077,0.0003324816502751727,0.003954886676586537,0.002311420408284821,0.006598788735146532
3.701379,0.0003653808840355346,0.003921987442826175,0.0022052456084218357,0.006492613935283545
3.703681,0.00020138318847251843,0.0038890882090658135,0.002037758600187266,0.006128229997725597
3.705982,6.978625343107076e-06,0.003856188975305451,0.0020173211973967377,0.005880488798045296
3.708284,1.046793801466061e-05,0.0038232897415450898,0.0018383693046699207,0.005672126984229671
3.710585,0.00018493357159233745,0.003790390507784728,0.0015004044487680211,0.005475728528145086
3.712887,0.0005418404105683849,0.0037574912740243657,0.0014959181896188807,0.005795249874211632
3.715189,0.00016499464204060296,0.003724592040264004,0.0014894380375145668,0.005379024719819174
3.71749,0.00035192210658811383,0.003691692806503642,0.0015452670402594235,0.00558888195335118
3.719792,0.0004182190473476311,0.0036592920459820734,0.0011026228042109176,0.005180133897540622
3.722094,2.2929768984494676e-05,0.0036263928122217117,0.0009984418973031052,0.004647764478509312
3.724395,0.00021434349268114586,0.003593992051700143,0.000992958691676378,0.0048012942360576676
3.726697,5.981678865520349e-05,0.003561092817939781,0.0009949525846315514,0.0046158621912265356
3.728998,9.96946477586725e-06,0.0035286920574182125,0.0010029281564522454,0.004541589678646325
3.7313,0.00033995874885707315,0.0034962912968966443,0.0008962548833504658,0.004732504929104183
3.733602,0.0002731633348587627,0.0034638905363750753,0.0007018503202210543,0.004438904191454892
3.735903,0.00013907403362334813,0.003431489775853507,0.0004954823993606022,0.004066046208837457
3.738205,0.0005024610247037093,0.003399089015331938,0.0004994701852709491,0.004401020225306597
3.740507,1.8443509835354408e-05,0.00336668825481037,0.0004989717120321556,0.0038841034766778798
3.742808,0.00017297021386129675,0.0033342874942888013,0.0004979747655545692,0.004005232473704668
3.74511,0.00048800530077870166,0.0033018867337672323,0.0005024610247037093,0.004292353059249643
3.747411,0.0002816373799182498,0.0032699844464844576,0.0004875068275399084,0.004039128653942616
3.749713,0.00021334654620355916,0.003237583685962889,0.00048002972895800803,0.003930959961124456
3.752015,0.00040226790370624345,0.0032056813986801143,0.00016100685613025607,0.0037689561585166134
3.754316,0.0005054518641364696,0.0031732806381585448,0.0005552991880158057,0.004234031690310821
3.756618,0.0004959808725993957,0.00314137835087577,0.0003913014924527895,0.004028660715927955
3.75892,0.0005612808668813262,0.003109476063592995,2.4923661939668124e-06,0.0036732492966682884
3.761221,1.5452670402594235e-05,0.0030775737763102193,7.975571820693798e-06,0.0031010020185335075
3.763523,0.0005632747598364996,0.003045173015788651,1.4954197163800872e-06,0.0036099431953415303
3.765824,0.0004870083543011151,0.003013270728505876,3.489312671553538e-06,0.0035037683954785444
3.768126,0.0004984732387933624,0.0029813684412231013,3.987785910346899e-06,0.00348382946592681
3.770428,0.0004989717120321556,0.002949964627179119,7.327556610262427e-05,0.0035222119053138993
3.772729,0.0004984732387933624,0.002918062339896344,0.0003045671489027444,0.0037211027275924494
3.775031,0.0004984732387933624,0.0028861600526135685,9.470991537073885e-05,0.00347934320677767
3.777333,0.0004989717120321556,0.0028547562385695872,0.00044912438815281953,0.0038028523387545615
3.779634,0.0004984732387933624,0.002822853951286812,0.0004929900331666356,0.0038143172232468093
3.781936,0.0004984732387933624,0.002791450137242829,0.0005029594979425026,0.0037928828739786954
3.784237,0.0004989717120321556,0.002759547849960055,0.0004949839261218089,0.003753503488114019
3.786539,0.0004989717120321556,0.0027281440359160727,0.0005094396500468165,0.0037365553979950453
3.788841000000001,0.0004984732387933624,0.0026967402218720906,0.0004904976669726686,0.003685711127638122
3.791142,0.0004989717120321556,0.0026648379345893154,0.0009490930466625619,0.0041129026932840325
3.793444,0.0004989717120321556,0.002633434120545333,0.0010981365450617774,0.0042305423776392665
3.795746,0.0004984732387933624,0.002602030306501352,0.0014505571248886848,0.004551060670183399
3.798047,0.0004989717120321556,0.00257062649245737,0.0015108723867826813,0.004580470591272207
3.800349,0.0004984732387933624,0.0025397211516521817,0.001508878493827508,0.0045470728842730524
3.80265,0.0004989717120321556,0.0025083173376082,0.002024798295978638,0.005032087345618993
3.804952,0.0004989717120321556,0.002476913523564217,0.002145428819766632,0.005121314055363005
3.807254,0.0004984732387933624,0.0024460081827590288,0.002470433371459904,0.005414914793012296
3.809555000000001,0.0004989717120321556,0.0024146043687150467,0.002704217320453991,0.005617793401201194
3.811857,0.0004989717120321556,0.002382702081432272,0.003004796683446389,0.005886470476910817
3.814159,0.0004984732387933624,0.002362264678641745,0.0032141554437396013,0.006074893361174708
3.81646,0.0004989717120321556,0.0023443196420451827,0.0035252027447466596,0.006368494098823997
3.818762,0.0004989717120321556,0.002318897506866722,0.003591499685506176,0.006409368904405054
3.821063,0.0004984732387933624,0.002304940256180508,0.00397582255261586,0.006779236047589729
3.823365,0.0004989717120321556,0.002276527281569286,0.004002740107510699,0.0067782391011121405
3.825667,0.0004989717120321556,0.002263566977360659,0.004307805729652238,0.007070344419045053
3.827968,0.0004984732387933624,0.002235154002749437,0.004504204185736823,0.0072378314272796215
3.83027,0.0004989717120321556,0.0022211967520632233,0.004653746157374832,0.007373914621470211
3.832572,0.0005024610247037093,0.0021962730901235548,0.004984233914694831,0.007682968029522095
3.834873,0.0004780358360028345,0.0021778295802882004,0.0050041728442465645,0.0076600382605376
3.837175,0.0007053396328926077,0.002163373856363193,0.005000683531575011,0.007869397020830813
3.839476,0.0005742411710899535,0.0021384501944235247,0.005048038489260381,0.007760729854773858
3.841778,0.0008394289341280222,0.002120505157826964,0.005396471283176942,0.008356405375131928
3.84408,0.0009949525846315514,0.0021005662282752293,0.005521089592875283,0.008616608405782064
3.846381,0.0010004357902582783,0.0020771379860519412,0.005507132342189068,0.008584706118499288
3.848683,0.0009954510578703446,0.0020621837888881397,0.005507630815427861,0.008565265662186345
3.850984,0.0009964480043479313,0.0020352662339932987,0.0055081292886666544,0.008539843527007884
3.853286,0.0009964480043479313,0.0020208105100682915,0.005507132342189068,0.008524390856605292
3.855588,0.0009964480043479313,0.002005357839665697,0.005510621654860621,0.008512427498874249
3.857889,0.0009964480043479313,0.0019774433382932686,0.005499655243607167,0.00847354658624837
3.860191,0.0009964480043479313,0.001965479980562228,0.005483704099965779,0.008445632084875941
3.862493,0.0009964480043479313,0.0019370670059510066,0.004965291931620683,0.00789880694191962
3.864794,0.0009964480043479313,0.0019231097552647922,0.0050181300949327795,0.007937687854545503
3.867096,0.0009964480043479313,0.0018991830398027109,0.005000683531575011,0.007896314575725653
3.869397,0.0009964480043479313,0.001880241056728563,0.005007163683679325,0.00788385274475582
3.871699,0.0009964480043479313,0.0018622960201320016,0.004921426286606867,0.0077801703110868
3.874001,0.0009964480043479313,0.0018378708314311274,0.0044962286139161286,0.007330547449695187
3.876302,0.0009964480043479313,0.0018239135807449128,0.004517662963184244,0.007338024548277087
3.878604,0.0009964480043479313,0.0018064670173871453,0.0047768690473567925,0.0075797840690918685
3.880906,0.0009964480043479313,0.0017810448822086836,0.0050360751315293405,0.007813568018085956
3.883207,0.0009964480043479313,0.0017680845780000567,0.0049991881118586325,0.00776372069420662
3.885509,0.0009964480043479313,0.001739671603388835,0.005002677424530185,0.007738797032266952
3.88781,0.0009964480043479313,0.0017272097724190009,0.005005668263962946,0.007729326040729878
3.890112,0.0009964480043479313,0.0017017876372405392,0.005051029328693142,0.0077492649702816125
3.892414,0.0009964480043479313,0.0016848395471215651,0.00552657279850201,0.008207860349971504
3.894715,0.0009964480043479313,0.0016653990908086238,0.005455291125354559,0.008117138220511114
3.897017,0.0009964480043479313,0.0016424693218241293,0.005806216285465086,0.008445133611637148
3.899319,0.0009959495311091383,0.0016285120711379151,0.006032024662638479,0.008656486264885532
3.90162,0.0009969464775867248,0.0016105670345413544,0.0060110887866091575,0.008618602298737236
3.903922,0.001001432736735865,0.0015856433726016855,0.006015076572519504,0.008602152681857055
3.906223,0.0009480961001849754,0.0015731815416318517,0.0062907322735722354,0.008812009915389062
3.908525,0.0013962235418602082,0.0015452670402594235,0.00654794446478961,0.009489435046909241
3.910827,0.0014834563586490464,0.0015328052092895895,0.006467191800105084,0.00948345336804372
3.913128,0.0015377899416775232,0.0015078815473499212,0.006798676503902669,0.009844347992930113
3.91543,0.0011415037168368,0.0014904349839921535,0.007045420757105385,0.009677359457934338
3.917732,0.0014620220093809321,0.0014724899473955925,0.006992582593793289,0.009927094550569813
3.920033,0.0014764777333059395,0.001448563231933511,0.007509499342422005,0.010434540307661454
3.922335,0.0014944227699025007,0.001434605981247297,0.007561839032495307,0.010490867783645105
3.924636,0.0014899365107533605,0.0014186548376059096,0.007945164953127403,0.010853756301486672
3.926938,0.0014904349839921535,0.0013922357559498614,0.008114147381078353,0.010996818121020371
3.92924,0.0014904349839921535,0.0013802723982188204,0.00844712750459232,0.011317834886803295
3.931541,0.0014904349839921535,0.001353354843323979,0.008545326732634613,0.011389116559950748
3.933843,0.0014904349839921535,0.0013393975926377648,0.008547320625589784,0.011377153202219705
3.936145,0.0014904349839921535,0.0013174647701308568,0.008524889329844085,0.011332789083967095
3.938446,0.0014904349839921535,0.0012975258405791225,0.009040809131995214,0.01182876995656649
3.940748,0.0014904349839921535,0.0012830701166541148,0.00876615037742007,0.011539655478066341
3.943049,0.0014904349839921535,0.0012651250800575534,0.0089141969293417,0.011669756993391407
3.945351,0.0014904349839921535,0.0012411983645954725,0.008477035898919922,0.011208669247507548
3.947653,0.0014904349839921535,0.0012287365336256385,0.008539345053769092,0.011258516571386884
3.949954,0.0014904349839921535,0.0012013205054920036,0.008575733600201006,0.011267489089685164
3.952256,0.0014904349839921535,0.0011888586745221693,0.00818044432183787,0.010859737980352193
3.954558,0.0014904349839921535,0.001164931959060088,0.008036884029065381,0.010692250972117623
3.956859,0.0014909334572309472,0.001146986922463527,0.00772982451396867,0.010367744893663143
3.959161,0.0014894380375145668,0.001129540359105759,0.007500526824123724,0.010119505220744049
3.961462000000001,0.0014874441445593936,0.0011105983760316114,0.00730263294832276,0.009900675468913765
3.963764,0.0015537410853189105,0.0010916563929574638,0.006798178030663876,0.00944357550894025
3.966066000000001,0.0019231097552647922,0.0010732128831221091,0.006394913180480045,0.009391235818866948
3.968367,0.001998877687561384,0.0010542709000479617,0.006161627704724753,0.0092147762923341
3.970669,0.0019021738792354707,0.0010353289169738136,0.005626267446260682,0.008563770242469966
3.972971,0.0017611059526569492,0.0010168854071384592,0.005284314804448436,0.008062306164243844
3.975272,0.0020267921889338112,0.0009979434240643117,0.005025108720275886,0.00804984433327401
3.977574,0.0019918990622182766,0.000979499914228957,0.004490745408289402,0.007462144384736636
3.979875,0.001994391428412243,0.0009605579311548092,0.004449870602708346,0.007404819962275398
3.982177,0.0019948899016510365,0.0009441083142746283,0.003948904997721017,0.006887903213646683
3.984479,0.0019948899016510365,0.0009301510635884144,0.003713127155771757,0.006638168121011208
3.98678,0.0019948899016510365,0.0009156953396634068,0.0034987836630906107,0.006409368904405055
3.989082,0.0019948899016510365,0.0009017380889771926,0.003250045516932723,0.006146673507560953
3.991384,0.0019948899016510365,0.0008877808382909783,0.002709202052841925,0.0055918727927839395
3.993685,0.0019948899016510365,0.0008733251143659709,0.0025297516868763143,0.005397966702893322
3.995987,0.0019948899016510365,0.0008593678636797567,0.0022735364421365262,0.005127794207467319
3.998288,0.0019948899016510365,0.0008454106129935425,0.0020033639467105235,0.0048436644613551036
4.00059,0.0019948899016510365,0.0008309548890685352,0.0018717670116690762,0.004697611802388648
